rank,song,performances
1,Lady Madonna,804
2,Let It Be,773
3,Hey Jude,757
4,Band on the Run,735
5,Live and Let Die,725
6,The End,653
7,Let Me Roll It,637
8,Back in the U.S.S.R.,632
9,Yesterday,632
10,Blackbird,572
11,Eleanor Rigby,557
12,Maybe I'm Amazed,534
13,Jet,528
14,Something,498
15,The Long and Winding Road,495
16,Here Today,494
17,Can't Buy Me Love,455
18,Carry That Weight,449
19,Golden Slumbers,446
20,Get Back,428
21,I Saw Her Standing There,409
22,All My Loving,405
23,Coming Up,395
24,"Ob-La-Di, Ob-La-Da",395
25,Nineteen Hundred and Eighty-Five,394
26,We Can Work It Out,394
27,Helter Skelter,378
28,Got to Get You Into My Life,368
29,Let 'Em In,358
30,I've Got a Feeling,354
31,Sgt. Pepper's Lonely Hearts Club Band (Reprise),348
32,My Valentine,335
33,Drive My Car,334
34,I've Just Seen a Face,317
35,Being for the Benefit of Mr. Kite!,291
36,Paperback Writer,265
37,And I Love Her,258
38,New,253
39,In Spite of All the Danger,250
40,Dance Tonight,247
41,The Fool on the Hill,243
42,Every Night,232
43,My Love,230
44,Letting Go,223
45,Queenie Eye,221
46,"Here, There and Everywhere",218
47,Birthday,214
48,Magical Mystery Tour,213
49,Love Me Do,205
50,Midnight Special,198
51,C Moon,195
52,Junior's Farm,193
53,Sgt. Pepper's Lonely Hearts Club Band,193
54,Instrumental Jam,186
55,Day Tripper,182
56,Michelle,179
57,Ram On,179
58,Getting Better,174
59,Things We Said Today,171
60,Mrs. Vandebilt,168
61,A Hard Day's Night,151
62,Penny Lane,151
63,Good Day Sunshine,146
64,"Hi, Hi, Hi",144
65,Save Us,144
66,Twenty Flight Rock,138
67,Honey Don't,137
68,Matchbox,137
69,Another Day,136
70,You Never Give Me Your Money,129
71,Come On to Me,128
72,Flaming Pie,128
73,A Day in the Life,122
74,My Brave Face,120
75,San Francisco Bay Blues,120
76,"Hello, Goodbye",114
77,Figure of Eight,113
78,We Got Married,112
79,This One,110
80,Put It There,109
81,Ain't That a Shame,108
82,Rough Ride,106
83,Sing the Changes,104
84,Hope of Deliverance,101
85,Your Loving Flame,94
86,Calico Skies,92
87,Ebony and Ivory,92
88,Good Rocking Tonight,92
89,Lonely Road,92
90,FourFiveSeconds,90
91,All Together Now,89
92,Biker Like an Icon,89
93,Lovely Rita,89
94,Off the Ground,88
95,C'mon People,84
96,Robbie's Bit (Thanks Chet),84
97,Temporary Secretary,84
98,Eight Days a Week,83
99,You Won't See Me,83
100,Peace in the Neighbourhood,82
101,I'll Follow the Sun,80
102,Listen to What the Man Said,78
103,Looking for Changes,78
104,Fuh You,77
105,From Me to You,74
106,Blue Suede Shoes,72
107,Driving Rain,71
108,I Wanna Be Your Man,68
109,She Came in Through the Bathroom Window,67
110,Highway,65
111,She's Leaving Home,65
112,Fixing a Hole,64
113,Celebration,63
114,Women and Wives,63
115,I Lost My Little Girl,62
116,It's So Easy!,61
117,Ain't No Sunshine,60
118,Bluebird,57
119,Honey Hush,57
120,Don't Let the Sun Catch You Crying,55
121,Freedom,55
122,I Will,52
123,For No One,51
124,Everybody Out There,50
125,Now and Then,50
126,One After 909,49
127,Two of Us,47
128,I'm Looking Through You,46
129,Follow Me,44
130,Mull of Kintyre,42
131,Till There Was You,41
132,Fine Line,40
133,Jenny Wren,40
134,Only Mama Knows,40
135,Who Cares,40
136,English Tea,39
137,Help!,39
138,Miss Ann,39
139,She's a Woman,38
140,Too Many People,38
141,I'll Get You,37
142,Please Please Me,37
143,The Night Before,37
144,Rock Show,35
145,Venus and Mars,34
146,Mother Nature's Son,30
147,Another Girl,28
148,Vanilla Sky,28
149,Your Mother Should Know,27
150,Whole Lotta Shakin' Goin' On,24
151,(I Want to) Come Home,23
152,Hope for the Future,23
153,Just Because,23
154,I Don't Know,22
155,Get Out of My Way,21
156,Baby Face,19
157,On My Way to Work,19
158,Give Peace a Chance,18
159,Massage,18
160,Singing the Blues,18
161,Wonderful Christmastime,18
162,Mean Woman Blues,17
163,All Things Must Pass,16
164,Alligator,16
165,Strawberry Fields Forever,16
166,Leaning on a Lamp Post,15
167,Be-Bop-A-Lula,14
168,Yellow Submarine,14
169,Come and Get It,13
170,P.S. Love Me Do,13
171,Petrushka,13
172,The Word,13
173,Big Barn Bed,12
174,Happy Birthday to You,12
175,All My Trials,11
176,Someone Else I'd Like to Be,11
177,I'm Down,10
178,Summertime,10
179,Tequila,10
180,Crackin' Up,9
181,Bring It to Jerome,8
182,I Owe It All to You,8
183,That Would Be Something,8
184,The Hustle,8
185,No Other Baby,7
186,Sun Is Shining,7
187,'O sole mio,6
188,Bourrée in E minor,6
189,Friends to Go,6
190,Hitch Hike,6
191,House of Wax,6
192,It Ain't Gonna Rain No Mo',6
193,Linda Lu,6
194,Sally,6
195,That Was Me,6
196,Big Boys Bickering,5
197,Blue Moon of Kentucky,5
198,Bring It On Home to Me,5
199,Don't Get Around Much Anymore,5
200,Down to the River,5
201,Hi-Heel Sneakers,5
202,Lucille,5
203,Why Don't We Do It in the Road?,5
204,Back in Brazil,4
205,Confidante,4
206,Nod Your Head,4
207,All You Need Is Love,3
208,Cut Me Some Slack,3
209,Find My Way,3
210,Great Day,3
211,How Kind of You,3
212,Kansas City / Hey-Hey-Hey-Hey,3
213,Lonesome Town,3
214,Long Tall Sally,3
215,"Nel blu, dipinto di blu",3
216,Only Love Can Break Your Heart,3
217,Rave On!,3
218,"Shake, Rattle and Roll",3
219,Singalong Junk,3
220,What I'd Say,3
221,Young Boy,3
222,All My Love (Oh Boy),2
223,All Shook Up,2
224,Anyway,2
225,Bésame mucho,2
226,Brown Eyed Handsome Man,2
227,Days We Left Behind,2
228,Distractions,2
229,Do You Know the Way to San Jose?,2
230,Don't Let the Sun Catch You Cryin',2
231,Glory Days,2
232,Heartbreak Hotel,2
233,Hit the Road Jack,2
234,How Many People,2
235,I'm Gonna Be a Wheel Someday,2
236,I'm in Love Again,2
237,If I Were Not Upon the Stage,2
238,In Liverpool,2
239,India,2
240,Island in the Sun,2
241,Jerk of All Jerks,2
242,Let's Go Crazy,2
243,Once Upon a Long Ago,2
244,Only Love Remains,2
245,Party Party,2
246,Peggy Sue,2
247,Raunchy,2
248,Shine a Light (In Mexico),2
249,Suicide,2
250,That's All for Now,2
251,The Fool,2
252,Tres conejos,2
253,Try Not to Cry,2
254,When the Wind Is Blowing,2
255,With a Little Help From My Friends,2
256,Young Love,2
257,(Mama) He Treats Your Daughter Mean,1
258,3 Legs,1
259,A Fine Day,1
260,A Leaf,1
261,Abbey Road,1
262,Ain't She Sweet,1
263,Ain't That Peculiar,1
264,Appreciate,1
265,As You Lie There,1
266,Auld Lang Syne,1
267,"Baby, Don't You Do It",1
268,Beautiful Night,1
269,Because,1
270,Being With You,1
271,Bishopsgate,1
272,Blackpool,1
273,Bluejean Bop,1
274,Bo Diddley,1
275,Cactus Club,1
276,Chasing the Cherry,1
277,Cheek to Cheek,1
278,City Park,1
279,Comfort of Love,1
280,Cosmically Conscious,1
281,Demons Dance,1
282,Dinner Tickets,1
283,Do You Want to Know a Secret,1
284,Dress Me Up as a Robber,1
285,Elstree Blues,1
286,Fabulous,1
287,Falling in Love Again,1
288,Fly Me to the Moon,1
289,Fortune Teller,1
290,Foxy Lady,1
291,From a Lover to a Friend,1
292,Give a Little,1
293,Goodnight Tonight,1
294,Graduation,1
295,Happy with You,1
296,Her Majesty,1
297,Her Spirit,1
298,Hippy Hippy Shake,1
299,Hot Pursuit,1
300,Hotel in Benidorm,1
301,I Feel Fine,1
302,I Like That Stuff,1
303,I'm Feeling Better,1
304,I'm Gonna Sit Right Down and Write Myself a Letter,1
305,If It Gets Any Hotter (Hot Enough for You),1
306,Imaginary Tale a Neighbour Might Tell,1
307,In the Month of Athyr,1
308,In the Summertime,1
309,Inner City Madness,1
310,It's Now or Never,1
311,Ivan,1
312,Jam,1
313,Jingle Bells,1
314,Just Fun,1
315,Lawdy Miss Clawdy,1
316,Let's Have a Party,1
317,Life Can Be Hard,1
318,Love Is Strange,1
319,Lucy in the Sky With Diamonds,1
320,Maggie May,1
321,Martha My Dear,1
322,Maxwell's Silver Hammer,1
323,Maybe May Time,1
324,Milk Cow Blues,1
325,Money (That's What I Want),1
326,Oh Mama,1
327,Oh Yeah Brazil Brazil,1
328,On a Rainy Day,1
329,Picasso's Last Words (Drink to Me),1
330,Purple Haze,1
331,Reelin' and Rockin',1
332,Revolution,1
333,Rip It Up,1
334,Run Devil Run,1
335,Sailor's Hornpipe,1
336,Satin Doll,1
337,Searchin',1
338,Secret Website Jam,1
339,Send Me Some Lovin',1
340,Shake a Hand,1
341,Shake It Off,1
342,Shake Your Hips,1
343,Slidin',1
344,Some Other Guy,1
345,Somedays,1
346,Song in Space,1
347,Spin It On,1
348,Stand by Me,1
349,Stranglehold,1
350,Summer of '59,1
351,Take It Away,1
352,The Conan Song,1
353,The Grand Old Duke of York,1
354,The Lovely Linda,1
355,The World Is Waiting for the Sunrise,1
356,The World Tonight,1
357,Together,1
358,Too Much Rain,1
359,Trouble Is,1
360,Waiting for Tomorrow,1
361,Waiting for Your Train,1
362,Walking the Dog,1
363,We Are Family,1
364,Welcome Everybody (to Rio by the Sea),1
365,What It Is,1
366,When I'm Sixty-Four,1
367,When the Saints Go Marching In,1
368,While My Guitar Gently Weeps,1
369,Why Don't You Get Rising,1
370,Wild Life,1
371,Wooly Bully,1
372,Yakety Yak,1
373,You Are My Sunshine,1
